sha256sum,filename
a119439b3bf571dffa2375f6496215e1da5dacea8d5f75c28a97638c39cbfede,BRANCH1_ROUTER_20180821T104134.txt
cf114094db254d0dc586baa16265a0f06c03f106fec82da28bd62aabaa31698b,BRANCH1_SWITCH_20180821T104134.txt
0f4fe7749f47d7e9af212f62ffcda0bb95046a519fee862018d1c3718304a7fd,BRANCH2_ROUTER_20180821T104134.txt
16dc19cb791268d5e14b73d2e8b485d0c846b5511ed29cf6787609c101e0db5c,BRANCH2_SWITCH_20180821T104134.txt
20e684e614fbc897f7d8afc8e58bb2f0c2607d9dcd6fef5ea61651c9df92cc0c,BRANCH1_SITE_20180821T104134.pdf
96321e003bbae97bd08488ccf9d4ce42798d49e3a792132505e6d4540cb02409,BRANCH2_SITE_20180821T104134.pdf
d17a7e8b7be5b2a8e6fc030cc598917c9bdd99503914932563b0e75383fe8e95,CISCOISE_20180821T104134.txt
