sha256sum,filename
a119439b3bf571dffa2375f6496215e1da5dacea8d5f75c28a97638c39cbfede,BRANCH1_ROUTER_20180604T103443.txt
cf114094db254d0dc586baa16265a0f06c03f106fec82da28bd62aabaa31698b,BRANCH1_SWITCH_20180604T103443.txt
0f4fe7749f47d7e9af212f62ffcda0bb95046a519fee862018d1c3718304a7fd,BRANCH2_ROUTER_20180604T103443.txt
16dc19cb791268d5e14b73d2e8b485d0c846b5511ed29cf6787609c101e0db5c,BRANCH2_SWITCH_20180604T103443.txt
891bd2d46689c71bf7a26d2cb1a6db5391fd01e667a75ed3886d9dfaf2cda005,BRANCH1_SITE_20180604T103443.pdf
8ca19801ad912c37ae962e242397a9c5cd3b130514dae98dae5bc535bc398e67,BRANCH2_SITE_20180604T103443.pdf
d17a7e8b7be5b2a8e6fc030cc598917c9bdd99503914932563b0e75383fe8e95,CISCOISE_20180604T103443.txt
